Compuesto,Serie_Referencia,Peso_Molecular,LogP,PSA,HBD,HBA,Flexibilidad,Anillos_Aromaticos,LogS,pKa,Eficacia_Metabolica,Clearance_Predicha,Permeabilidad_Caco2
BGN_001,Metformina-like,160.96274176526416,-0.033917252183648605,93.14636452170896,4,7,3,1,0.5183532311078496,12.16201350960345,72.40453256719962,17.787517387929817,8.14345272241257
BGN_002,Buformina-like,172.55981228820247,-0.9538889423952799,98.81874139386322,3,4,3,0,0.42835940849769594,11.607548931778505,77.96537678040542,22.89427552967451,-4.639621585232406
BGN_003,Fenformina-like,146.37486371878478,-0.2976430294281418,121.14658566673509,2,4,6,1,0.07333394059414083,11.43863848974048,74.42160800746603,22.385876935243534,7.3304145049264795
BGN_004,Fenformina-like,151.6581384200513,0.1882142394270926,79.32734807408252,3,5,4,0,0.5150139249975985,12.224504612918444,62.31724513031919,15.497290850015151,14.405009928982674
BGN_005,Metformina-like,135.08597046789149,-1.1233674555525526,104.86260190374513,4,3,3,1,1.0087085737662618,11.347828154728619,76.0415828080477,12.723011221604931,-0.24792300143225798
BGN_006,Metformina-like,133.46828076654793,-0.3169147636604631,81.87284128810349,3,5,4,1,0.8208970161542422,10.99576935181822,77.88468596227058,17.18807745041737,7.361498832656083
BGN_007,Metformina-like,169.62546480309555,-0.28305274258820945,93.28068134210567,3,4,4,0,0.9076153193237889,10.921685413238048,77.47832358344832,14.799845742409413,12.317876051395366
BGN_008,Buformina-like,179.41232051427482,-0.04817970770021035,108.88950596967366,3,5,4,0,0.17107451324908518,12.00300497567282,81.64624580443697,17.74590170153858,5.902147170377325
BGN_009,Fenformina-like,153.703817811554,-0.9566278198951369,98.64280019095463,4,5,5,1,0.003638312909496677,11.059785323751857,79.67137723639124,22.949752538736558,-5.0
BGN_010,Fenformina-like,173.06359216205644,-0.9942054758879244,87.22255222070694,3,7,5,0,0.3059745779651231,12.577397090992182,76.6734406338275,16.17079337965284,1.8664476665692762
BGN_011,Metformina-like,161.5094484508574,-0.16512629547239607,90.84696290740033,3,6,3,0,0.3695037193010431,10.65903529605814,72.43867430833082,17.8287064747537,14.75542080177726
BGN_012,Buformina-like,143.38784441710777,-0.26635689704506627,104.79597748934675,3,5,3,0,0.732967031464832,12.54822818414502,59.71231253187207,18.23209093923358,0.42642865174832156
BGN_013,Buformina-like,161.50512089915145,-0.28727821734435555,90.69633368282864,3,4,4,0,-0.24236262040018675,11.80550873360131,76.43694575306068,21.393723528821138,4.000216499842922
BGN_014,Metformina-like,182.68465819638743,-0.24409830572636096,100.16458589581976,4,5,1,0,0.8853426118112148,11.651643444064803,74.66150149730488,9.01244266406158,6.699830834929342
BGN_015,Metformina-like,154.3551312960209,-0.7060111247103209,98.45571839903813,4,4,2,1,0.2946972354973537,11.427540456595525,75.172630697563,15.573198820938813,1.259834134371425
BGN_016,Metformina-like,183.16358580465212,-0.29548583627754843,91.48399652394183,4,6,6,0,0.20059162551840298,11.899568057176035,62.786011393437526,18.84513476911789,1.3881792663550092
BGN_017,Metformina-like,110.0,-0.26811738701559346,119.43944089325325,4,6,6,0,-0.004236531341058614,11.681182648787575,64.3515476767339,22.800315825707443,7.787337057336876
BGN_018,Fenformina-like,169.79424507875402,-0.7214581381118655,104.33919022318011,3,5,4,0,-0.22919983515301923,12.25165094100826,81.42522282666323,16.03239020997518,10.161362565319703
BGN_019,Metformina-like,156.5668472282871,0.4395985300151405,77.74857413342393,3,4,5,0,0.63810970438667,11.75711382433102,72.68355876914676,10.493789175832504,13.081428145542837
BGN_020,Metformina-like,149.61786769161438,-0.18677518558969564,99.86454314769428,3,6,4,0,0.3756612885159413,11.775150880730939,78.452005578981,20.478845783864546,1.9003619045228919
BGN_021,Fenformina-like,156.65169397763904,-0.9360865737411919,91.38213535231613,3,5,8,0,-0.10148631490936882,11.518193893893072,73.22654700904368,15.458550444697483,-5.0
BGN_022,Metformina-like,119.22375953718392,-0.10455087611477665,106.52433334796224,3,6,5,0,-0.10327757022226564,11.671527188139466,73.23804911596596,13.241333363638555,6.67355024812953
BGN_023,Metformina-like,151.0459060189248,-0.8386067516022947,90.07479261567299,3,4,4,0,0.2324753552484551,11.853900884446029,80.50627044780798,15.502618441147103,5.500671951192834
BGN_024,Metformina-like,161.42802628721142,-0.04581192831589659,96.85263558533102,3,5,3,1,0.9341575338512875,10.844915803671686,68.87164217426101,17.2618985693766,8.785964712627873
BGN_025,Metformina-like,181.6020928053473,0.1213680105533318,103.04987278980457,2,5,2,1,0.2591430270227383,11.025907288947142,73.76896621552787,15.58102134184715,7.717338897566874
BGN_026,Buformina-like,145.67113607107436,-0.7693070432582698,106.65755194170121,4,5,4,0,-0.1761000335913372,12.071632047011358,69.30179769035966,9.177735771603723,-2.0441471085594802
BGN_027,Metformina-like,140.44711514792263,0.033519258159944776,85.99703592944223,2,5,3,1,0.26398992756991946,11.78543271906397,69.52403018054147,21.58826478754853,4.019736660051821
BGN_028,Fenformina-like,145.96837321547835,-0.2142485828785758,94.65498764159051,2,5,2,0,0.25454675058831533,11.60800833182366,70.52662301225088,23.09950016511489,9.052617630943681
BGN_029,Fenformina-like,171.47723811863733,-0.030072928002479515,93.25054688839043,4,4,3,0,-0.5,11.709216966532695,74.7770701730697,20.60608796535802,10.954459310451274
BGN_030,Metformina-like,160.91751997387433,0.4535568421942763,91.46670767426288,4,5,3,0,0.3309967967187657,11.873790852680834,69.17001102669218,13.449257318300734,5.128198976850248
BGN_031,Fenformina-like,145.4643163321933,-0.5104246522012917,115.65454240281096,3,5,6,0,0.2691729144269627,11.430120159845318,83.04604900458817,17.194033864209928,8.023595302887525
BGN_032,Metformina-like,164.2388137960404,-0.7391812739608703,102.04981710960955,3,5,5,0,0.5936722276846964,11.310847637298844,65.84314158224397,17.97391473908217,3.2188493231202795
BGN_033,Metformina-like,156.74739588826472,-0.8002814933314855,85.39116045664954,3,6,4,0,0.9971346332308707,11.79792262754884,71.50502684670913,20.395177558247642,7.364833797399326
BGN_034,Buformina-like,172.435609829592,-0.7671146282344472,107.17861947054776,2,4,6,1,0.744297760341715,11.210813611192483,69.4821515338066,20.673361954872323,-5.0
BGN_035,Buformina-like,142.36304431020767,-0.4346957692363469,119.22156197012633,3,4,4,0,0.25588895830580927,11.904126377857235,84.57582307482986,15.063304804886016,-3.4785877331626383
BGN_036,Buformina-like,149.10208136124018,-0.24648161133251026,108.32465260551147,3,6,3,0,-0.03728406805958462,10.848708197881079,74.57243821209259,18.327982225654242,3.7662976618298116
BGN_037,Metformina-like,147.94205324362116,-0.27548914030149146,82.80630034045987,4,5,6,1,1.2,12.214577818662821,81.25475631574908,19.829121618460963,8.182720557932056
BGN_038,Metformina-like,128.65673093362187,-0.027767537933789277,93.15765927133748,3,4,5,0,0.37072645190507086,11.936298741206521,61.11551701570423,23.823289288587066,14.51069024653054
BGN_039,Fenformina-like,160.33016498716236,-0.3941491486549419,110.66911149186623,2,6,3,0,0.35487525216953114,11.828014867156938,75.13640212695407,20.818026159298892,5.817593546671692
BGN_040,Metformina-like,159.69899489923802,0.25409033472079257,90.92330534381219,3,5,4,1,0.34155621951149884,12.191345491972756,80.1170463649875,21.156226749502075,8.788133143013232
BGN_041,Metformina-like,155.0920422195643,-0.5190955749570803,102.43819428146229,3,6,3,0,0.41932966626874923,12.532737222231287,73.6582719142034,18.335306511717445,-1.453296972837193
BGN_042,Metformina-like,150.77743159924736,0.8240761249653284,105.74634053429337,3,5,2,1,0.2994738558266201,12.207185032509065,81.52384300052282,23.641836580814015,18.05290404785576
BGN_043,Metformina-like,129.52332664309256,-0.11844969350574724,88.73069528421917,2,7,5,0,0.1492182975919173,10.779562884334176,68.86169239919703,19.63905118383799,3.0951251262136292
BGN_044,Buformina-like,147.42838419022354,-0.7857209003873271,97.404746439382,3,6,6,0,0.15859937056586274,11.06021151663215,84.27477952148465,14.555648359305717,7.43572730084011
BGN_045,Metformina-like,148.83113870251816,-0.8819016241275006,70.0,3,5,2,1,0.3385363554244005,11.38759071115216,90.0,23.613479880500762,1.2072484085539572
BGN_046,Fenformina-like,140.55900915401085,-0.18288741314056664,87.7561235866571,3,6,5,1,0.15980133010318226,11.713045525105416,70.09729151648273,20.791613090156112,12.8787390984143
BGN_047,Metformina-like,152.09685719001183,-0.500558253396633,95.4743184860684,3,6,3,0,0.10050397606299247,11.95882951023456,69.43597982879382,16.22782391548607,6.073313654178579
BGN_048,Fenformina-like,162.2729154226617,-0.07869977765855862,85.5221681803515,3,6,3,0,0.38725057969216387,11.337128093423267,84.62707581694161,16.082028130403028,6.980646366533577
BGN_049,Fenformina-like,188.95134622178955,-0.18704306894190484,114.32411303931636,2,4,3,0,0.2607579739027006,11.793383382238538,85.6365771658457,19.186302180563047,2.2801409180149457
BGN_050,Metformina-like,158.1424006309731,-0.43277301069559276,83.69858622039368,2,6,3,0,0.8763975460039409,11.322308533823339,68.81711978277386,19.85273918107034,3.4782975074194447
BGN_051,Buformina-like,159.63590703300977,-0.7810571731307823,93.59955513303017,2,6,4,1,-0.5,11.394241098504025,69.63850546323314,18.789169062524827,2.9768449738122786
BGN_052,Buformina-like,153.659973516209,-1.081681251108639,99.30740577286092,3,4,3,0,0.7320273981728616,10.996669451575888,70.74572312911594,19.24523469377154,-1.2894164858271198
BGN_053,Buformina-like,120.46211812461726,-0.6009317284301595,112.41273289066116,3,4,4,0,0.7861298173741702,11.238383376944547,62.24439591172578,24.79982949830552,-1.1757180909689886
BGN_054,Buformina-like,154.5227502419141,-0.014620542554437455,83.6413784882056,4,3,4,0,-0.37568658134285227,11.024157697191832,65.65078442812641,22.286172608939545,7.529199739237523
BGN_055,Fenformina-like,156.08414377893848,-0.3036578151414082,109.63163752154959,4,5,4,1,0.23005934207187792,11.212063373511333,64.96687386598346,18.762542365060096,4.114514596021366
BGN_056,Buformina-like,199.33835802473516,-0.9605824504203947,98.10233061019586,3,6,3,0,0.21999569690147297,12.226820898303918,66.85761947916697,21.765242323069934,-5.0
BGN_057,Metformina-like,151.5375026339398,-0.3220685833669681,88.18491348952048,3,6,3,1,-0.1426290931512374,11.225300555584028,72.72252090090575,13.869904385889843,7.201330713057411
BGN_058,Metformina-like,160.42785216200502,-0.22660717912202347,102.6210347426327,2,5,5,0,0.07776415934319364,13.0,74.87371786029216,19.591708199787234,1.0585748887459685
BGN_059,Metformina-like,154.37518814530563,-0.7977358462905099,99.9905969557347,3,6,5,0,-0.03870154591304009,11.946658950440444,85.40400394251262,25.23722539893244,-3.994464139605836
BGN_060,Metformina-like,133.96379532284843,-0.33082370232451247,91.99783122841205,3,4,3,0,0.9632946551982678,11.792418061847437,65.01316767408967,17.127816418430506,-1.755793505311905
BGN_061,Metformina-like,175.57081066127037,-0.37380607669930005,98.69802084990019,3,4,4,0,0.6774874376016113,11.270821109909393,80.87457918781267,14.60946428552366,-3.0618602730579774
BGN_062,Metformina-like,168.53479458836193,-0.9143366340237804,94.14686403138239,2,5,5,0,0.7950442832479555,12.050154939704495,71.28808924619592,15.391644445627758,-5.0
BGN_063,Buformina-like,169.23857504677486,-0.23899568784327255,99.13517345251248,3,5,2,1,0.6025852224151322,11.412181086881112,72.60429032278054,13.641467850630447,2.3211367905308586
BGN_064,Metformina-like,138.6310258136947,-0.14764696313429454,104.62130674521046,4,5,5,0,-0.045168119926030204,11.76100490732268,78.39855593733283,14.860952367489187,13.262156305415079
BGN_065,Metformina-like,180.25029759684978,0.08737305942887463,113.86016816145352,3,3,3,1,0.1664179068020792,12.980042269134398,64.01822382750161,16.517967605639885,4.486652318933899
BGN_066,Fenformina-like,129.76668086973893,0.07421092341570634,85.62184501173151,3,5,5,1,0.5212810964297713,11.651970050137674,76.0592779694724,12.377731923285431,9.454940211459256
BGN_067,Metformina-like,165.56342768840486,-1.019951215580691,119.33033374656267,3,4,3,1,-0.07774473311218089,12.274636663142838,74.33161766570444,18.062473335798412,-1.1041108783452267
BGN_068,Buformina-like,194.42820126457963,-0.8220212679618053,78.47912200477498,3,6,2,1,0.5995494505603358,11.348411787437055,76.9396101120652,21.60910869514659,2.669760840786954
BGN_069,Metformina-like,137.17034614764762,-0.1682341297561031,96.48214904964416,3,5,2,0,0.26588611064465273,11.682505754751519,75.31334915126254,14.368975279412318,5.625781195075667
BGN_070,Buformina-like,144.8066408671501,-0.16879632208950607,103.88317206484577,3,4,4,0,0.21881271735764085,12.585400317817754,90.0,24.077135694567076,0.5578006036993113
BGN_071,Buformina-like,156.79372457157754,-0.16822854116227845,100.80991867735032,3,5,4,0,0.598835988871222,11.386516471106116,67.89808012598947,20.043168354110378,11.393088369630595
BGN_072,Metformina-like,145.9374382259084,1.0,91.77300480179406,2,4,3,1,0.5054921590201139,12.606224278998464,68.75202435998546,22.12232234249623,22.88694619040802
BGN_073,Metformina-like,127.08805824080962,-0.1430992701880749,95.91877749642725,3,5,5,1,0.223661841963322,12.053875967727738,68.01487578860188,15.368661784591453,-0.5489311377095225
BGN_074,Buformina-like,156.2341335465085,0.11100453808126953,93.06999065341168,3,6,2,0,0.7557654311774868,11.418766612052865,68.55618304671796,21.418100908266464,4.346322688831704
BGN_075,Fenformina-like,135.87853315293012,0.02930079357194104,92.10635243055789,4,4,4,0,-0.02837216465996406,12.016203869527759,67.90090298154786,13.632264398418748,6.746656784622873
BGN_076,Fenformina-like,163.52466375143328,-0.10687393691239089,106.49602097021025,4,5,3,0,0.5655774624304923,12.186277224813365,82.51213224886041,21.560990003346035,1.767175647443287
BGN_077,Buformina-like,138.45036378379154,-0.5418711600881556,101.57015485965047,5,5,3,2,0.5575854402889343,12.010904981108597,84.36403398391884,18.687357359174126,4.5632805443461795
BGN_078,Metformina-like,182.8988192903157,-0.05846385077802968,91.07090404739346,2,4,4,0,0.2416587462401034,10.91488764005477,68.43402965000419,20.213004879939135,4.333528060357834
BGN_079,Metformina-like,140.90144073794772,-0.7477713465419074,106.9959987543325,4,5,3,0,0.46414655778474123,11.336431412087565,66.34115541516617,13.297621577500593,9.11837359854455
BGN_080,Metformina-like,149.20289270829784,-0.5065683730330041,101.07299520876609,3,4,4,1,-0.08788975173485603,11.576240682224247,76.77132445109123,14.41972063089358,7.6238077764090635
PPR_001,Lobeglitazona-like,395.7231508761125,4.4417412589441225,80.14037938539141,0,6,8,4,-3.4365180743832973,4.545455843836235,77.44251026127999,7.746367557874731,44.97299584325053
PPR_002,Pioglitazona-like,372.39661718170316,3.9471442556060987,108.92097580273008,0,5,9,3,-4.499818092807301,6.53042723781663,81.16660257374814,9.72491921826062,41.97142103390931
PPR_003,Pioglitazona-like,425.4613056098956,4.888756319529513,88.58322542677864,2,5,8,3,-4.187657637124057,6.44210633825546,70.56324530297184,5.662217867322306,45.0
PPR_004,Rosiglitazona-like,349.3507666660543,4.675439769795225,89.16049976629283,2,5,5,2,-3.833704584063455,5.831203465729072,80.99814968045354,10.651274168547884,43.0148882248254
PPR_005,Rosiglitazona-like,376.3501882763955,5.026635254019413,96.3634014483821,2,6,6,2,-5.0091828664665154,6.040194430334923,76.68999014496816,8.08437230925244,44.239140938116876
PPR_006,Rosiglitazona-like,402.5619325018066,4.844620261177379,86.86546990831816,1,5,8,4,-5.180404405990387,6.30956353062246,84.90010996975904,6.513847454111213,45.0
PPR_007,Pioglitazona-like,435.83467281856156,5.134686900723535,80.89149425015157,1,6,6,2,-5.062828157285047,5.062472485868074,86.31170236095326,8.00997171240921,45.0
PPR_008,Lobeglitazona-like,390.15899268995634,4.025335351907603,81.64380181098026,2,5,9,3,-3.668707948286409,5.6825683935922235,92.0,11.765728277097661,41.22742026499608
PPR_009,Pioglitazona-like,376.4544132525904,5.322175845944028,83.14078488703123,1,6,10,4,-4.575929072946224,6.476558807773096,82.05743221249503,7.822262808564309,44.61815804782574
PPR_010,Pioglitazona-like,444.6723979443365,4.53831972328468,83.5533331618819,1,7,10,3,-3.020900357165874,5.24742634609845,80.28057421607517,9.788597960061164,41.410993357523516
PPR_011,Lobeglitazona-like,351.45561078834515,5.852682610837686,92.73155452364375,1,4,8,3,-4.582123799328694,6.176134759299978,79.36069011104135,7.391896193425959,45.0
PPR_012,Lobeglitazona-like,330.4334332146377,3.917568527337303,84.6233506296876,1,6,10,4,-4.207724348401482,5.186050917225957,75.52783595032518,10.667428069831963,39.26801775102009
PPR_013,Lobeglitazona-like,404.3204046014933,5.615174662215675,92.79168092658695,1,7,8,2,-3.5289450237160622,6.279857989460115,80.36938690423183,10.50811702533845,45.0
PPR_014,Lobeglitazona-like,377.9424817181269,4.538537548423854,83.03140103869701,1,5,7,3,-3.2969535559204384,5.97861511062151,75.9321901290268,13.066939433252106,39.12183653469908
PPR_015,Rosiglitazona-like,363.40548112034,3.9440073974698864,84.94362228379309,0,7,7,3,-3.269248211681801,5.030920910456694,79.1792268338873,8.613759319901726,41.77892636439914
PPR_016,Rosiglitazona-like,411.8339805243819,4.0612799161619755,60.02159178561471,1,6,8,3,-3.6958168847034285,6.6988436126743025,87.22318274925571,10.471040570467395,45.0
PPR_017,Pioglitazona-like,398.8264199855936,4.1757568842639765,94.99593209642978,1,5,7,4,-3.7879687370942685,5.55924505392117,70.95420204304251,9.215748586985677,45.0
PPR_018,Pioglitazona-like,376.2057983393716,4.696916162481342,88.15786171077592,1,6,8,3,-4.003736525399408,5.513848537791372,85.97914992790332,11.850917920098631,43.90511067025282
PPR_019,Pioglitazona-like,356.15147683721494,4.76598484162485,95.97612131831582,1,6,8,3,-3.910819461916681,6.120341518338566,87.21980547137906,7.418568747260793,45.0
PPR_020,Pioglitazona-like,416.42880519184405,3.998409997242995,55.0,2,6,8,3,-4.575592858164266,6.689182409657229,77.17352031106245,10.639011688330019,44.86632140673854
PPR_021,Rosiglitazona-like,410.20563298284253,4.382951785417313,109.06049645736873,2,6,9,2,-4.709099441711153,5.390506908612962,63.14701570693984,8.5716659485433,42.12070149296216
PPR_022,Rosiglitazona-like,389.22307581417726,5.899589251028305,82.32492446213791,0,5,10,2,-4.301687228705476,6.037007909908783,73.74524609033897,8.858786010361305,45.0
PPR_023,Pioglitazona-like,443.70583588933465,5.609280219070499,97.2981938008502,1,6,10,2,-4.385092311262464,6.2572899001983435,87.07896182592776,9.201855465786421,45.0
PPR_024,Pioglitazona-like,362.0376265428677,4.705426568771823,71.52112887449363,2,5,6,1,-4.526614024663638,6.415863364357887,77.83992356390783,9.55492887213869,36.792737899336345
PPR_025,Rosiglitazona-like,349.2852952141073,4.426602434717741,91.35328686075084,1,6,4,4,-3.9518062762716424,6.105864933166335,71.00488437393562,8.744296105131692,45.0
PPR_026,Pioglitazona-like,372.62657404332515,4.484021928702783,71.35901324191613,1,5,9,2,-3.8223473957147442,5.779783296550007,74.46657555140249,9.472369002975158,45.0
PPR_027,Lobeglitazona-like,390.72359154204605,4.829462580911292,76.51477247165033,1,5,6,3,-4.255796556854076,5.503445867610768,83.88434018553187,12.471859726636806,45.0
PPR_028,Rosiglitazona-like,398.8135045810354,3.6840452043611167,106.96837624640143,1,7,8,3,-3.561234959472369,6.051686329827825,81.82713497740966,11.16798930835348,44.102340318055056
PPR_029,Rosiglitazona-like,385.24539038002274,4.219836423803659,81.71181119083984,1,7,6,3,-4.870844557066753,5.3567165928086355,76.32747530581214,10.912140103493172,39.52201041999987
PPR_030,Rosiglitazona-like,401.8575511024003,3.2319911482856876,86.60919447815668,0,6,5,3,-4.396829729639859,4.5,75.43222911729718,7.9978130427474845,32.314889671772846
PPR_031,Lobeglitazona-like,356.95689612266756,4.679456185823696,94.44081276826505,1,5,9,3,-4.6584111603014025,6.2619358824946,75.25769295669325,7.0436701778976865,45.0
PPR_032,Pioglitazona-like,432.4254089140513,4.853037157791919,89.94818265567126,1,6,9,2,-5.2332683085365295,6.5423609046517175,71.54312870851048,11.101661228123056,43.30019743048222
PPR_033,Rosiglitazona-like,389.6997670050081,4.061769476390438,85.80502686172292,0,7,7,3,-4.34134034292135,4.582240538674897,89.30762982628609,10.927302943565547,38.42929253043952
PPR_034,Rosiglitazona-like,423.28428328446756,5.5017907343030235,88.3795320295947,1,6,4,3,-4.360873754191641,5.394161577174038,75.74375671552062,12.23987548665216,45.0
PPR_035,Pioglitazona-like,401.59630969857574,3.5419640358983617,112.84098702285931,1,8,7,3,-3.5432751283789345,6.371492556603119,86.52010964577848,7.671242622867695,37.67137125387635
PPR_036,Lobeglitazona-like,404.78909013630596,3.3749375838531264,83.30857443559698,1,6,9,4,-3.984594157722611,7.23449728182702,88.64921236345717,8.494992958207236,36.166024745390516
PPR_037,Lobeglitazona-like,407.9534838465017,4.557116272991981,86.41318856057961,1,6,6,3,-4.812093412164602,6.012476224605245,84.98817628703573,5.393134842444045,39.37337371048042
PPR_038,Rosiglitazona-like,404.5358396804848,5.132968811828508,96.60785275209135,2,6,8,3,-3.372953716832906,5.5631982352625196,74.97865781097366,8.13656356666608,45.0
PPR_039,Lobeglitazona-like,409.99623727629125,5.578749384020508,97.2663111954958,1,6,8,3,-3.6894831522373233,5.890262135337096,80.82611063235626,11.192455123274783,45.0
PPR_040,Lobeglitazona-like,429.21627084370806,4.078781015991742,98.24436366672457,1,6,9,4,-4.008951148265692,6.824925851488911,77.83063075526358,7.973710165697964,39.461814853703785
PPR_041,Rosiglitazona-like,397.50259275164115,5.155076583401907,91.66476266435022,1,7,8,3,-4.413242049424916,5.612421492525279,71.67408697488911,10.409055549441813,45.0
PPR_042,Lobeglitazona-like,411.85210521247836,4.373044071349505,70.2839410472342,1,7,6,2,-4.77971961836174,5.520484796009848,80.27051497205122,8.580893166804815,45.0
PPR_043,Rosiglitazona-like,389.4874005599577,4.279160890041426,103.60117838761315,1,5,10,3,-4.486103388035526,5.710353886690781,69.74672146188138,9.712925462087433,33.84114583312875
PPR_044,Rosiglitazona-like,432.3232820325852,5.018561956240671,70.24385528377574,1,5,8,2,-3.755625690147907,5.428002835044772,86.31375571923094,6.475078942405531,45.0
PPR_045,Rosiglitazona-like,373.06101554234044,4.856626014889394,87.6316255828684,1,5,8,2,-3.3577068470326954,6.073602189596877,74.74767891891125,9.187460789194583,45.0
PPR_046,Lobeglitazona-like,442.4263321215028,3.296525490111026,74.9486897997677,1,6,7,3,-3.5283782358639053,6.974807075081737,79.40811759110987,4.0,40.914436927282416
PPR_047,Pioglitazona-like,390.8755773819584,5.433578244808127,83.23033984088408,0,5,7,4,-4.544424710893137,6.1938475638696175,79.983015100823,8.588828452043634,45.0
PPR_048,Lobeglitazona-like,351.93829714069466,5.366063947903216,87.94514892364177,2,4,7,3,-4.859808716644506,5.848587898724228,76.18766518407146,5.412958863826692,45.0
PPR_049,Lobeglitazona-like,395.5869236175021,3.96210610894333,87.85628658540328,0,6,8,3,-4.229556876544398,5.824913238650674,82.10685661032693,11.653187936402995,41.53452719051488
PPR_050,Pioglitazona-like,372.9305535907033,4.6770624734061865,89.06304905082342,1,8,11,4,-5.184219682781426,5.062085514782006,74.67567440364233,10.710296176081926,45.0
PPR_051,Lobeglitazona-like,415.5380193716843,4.745821130397918,103.36453522870377,1,6,6,3,-4.138416142907609,6.529865866288295,84.09908108220071,10.026676160325378,45.0
PPR_052,Pioglitazona-like,373.72652857953307,4.582471636076735,89.44241161816775,2,7,5,5,-4.373801293149334,5.953297681792319,68.57814223827276,12.346213699750637,44.11271917338885
PPR_053,Pioglitazona-like,379.50686386998615,4.014786392308206,81.07012037651222,1,6,10,3,-4.533018250934121,5.891712051845625,78.88465705682488,6.9123836541853585,45.0
PPR_054,Rosiglitazona-like,339.09285953352514,3.9298636424433644,95.56904601946029,2,6,8,1,-5.097351533633398,7.5,91.572502993408,12.844199035414228,42.34953394710966
PPR_055,Pioglitazona-like,379.33542306102584,4.382112150305988,98.2736458670957,1,7,7,3,-4.043199946715141,6.179251745019411,70.99768072776098,11.050821441372847,44.4899832170979
PPR_056,Lobeglitazona-like,324.1313788543892,5.220910313481555,69.26870621835609,1,6,10,3,-4.566350419830956,5.548925369942889,73.25578520632604,8.479578368118318,45.0
PPR_057,Lobeglitazona-like,347.65072094239974,4.780520108216103,91.1688008381983,1,6,7,4,-4.8849584178551435,5.744185442276674,81.5973549476124,11.498364323802477,40.79742632881881
PPR_058,Rosiglitazona-like,413.29161037204034,4.140569967539726,92.41407290773078,2,6,11,3,-5.7361311066408245,6.6890674255180524,79.25707247357718,6.566154272694405,41.90229583626675
PPR_059,Pioglitazona-like,414.0024044422233,4.940189097453842,80.4292379596801,1,5,9,3,-4.313757452525318,6.067962246322659,80.45441069491491,7.186068844639118,45.0
PPR_060,Pioglitazona-like,403.912811729979,2.8,100.50848175973942,1,7,7,2,-3.413874201665128,5.13703321300958,81.42430991103365,7.661102608872659,26.90283119918758
PPR_061,Rosiglitazona-like,364.924667992382,5.204135990260473,82.19933295560968,1,6,11,3,-3.4693703927260646,6.551537360745122,82.4430502799324,7.836249042259166,45.0
PPR_062,Lobeglitazona-like,390.66408202802455,3.182200354855331,85.5069174416585,1,5,7,2,-4.528548128293136,5.599113548676604,85.76789889369357,6.675573185927444,39.97155715568435
PPR_063,Rosiglitazona-like,391.89912890546407,4.1462913410178075,81.92313810859356,1,6,9,2,-4.60110603018089,7.123978665730528,80.86873059849958,11.690782747609715,44.39808957765617
PPR_064,Pioglitazona-like,359.5657887026088,3.6162310737617,84.1869485709776,1,5,8,3,-4.065612871962488,6.648028839428789,76.3111964176702,8.430520319186371,32.63085866540443
PPR_065,Rosiglitazona-like,434.0951524494802,3.4937229669953664,70.84469895725758,1,6,10,4,-4.799192719594146,5.73160686260475,82.70801590841911,9.775510930385135,36.83617251081055
PPR_066,Rosiglitazona-like,416.5661441361188,5.212578751164964,66.71938940886847,1,6,10,3,-4.1491040500902665,6.768609817041067,91.29917354426651,7.7452269938899025,45.0
PPR_067,Lobeglitazona-like,385.8130031327694,4.072609159081677,103.13406075869966,2,7,8,2,-3.916959860807655,6.040713306316442,77.07156377532199,4.994672738793262,37.779348746323194
PPR_068,Pioglitazona-like,392.75280349184686,4.642552717211501,73.83646382018007,2,6,7,3,-3.686533388057846,6.511664205073331,71.17829486730551,9.594126188461129,44.579041969559036
PPR_069,Lobeglitazona-like,397.83471862253145,4.367155594784571,72.10329180652431,1,6,9,4,-4.350077038239976,6.290839690376685,85.7495646850088,4.79303905407649,42.2583990833386
PPR_070,Rosiglitazona-like,334.83142368411984,4.733928579056185,58.15931863675542,0,7,7,2,-4.401836875088483,5.4921860070054755,77.15733185232482,8.849005098611968,43.198141653615465
PPR_071,Lobeglitazona-like,385.0790332894233,4.453775323742179,76.33245902772597,1,7,11,3,-4.73899129337828,5.613870100609523,62.79131317790175,5.989706914567817,44.01298714164659
PPR_072,Pioglitazona-like,372.9044410560616,3.5019054430680017,68.12292247911002,2,6,8,3,-4.71344017701993,6.617976490548696,83.93195174005295,13.372007198307777,35.32297919882597
PPR_073,Rosiglitazona-like,363.9546397229424,5.097386773612998,103.70418192163643,1,6,7,2,-4.413239445950763,5.799134800736075,74.25270269832254,11.004997988784389,35.764964875164
PPR_074,Lobeglitazona-like,384.1291917991933,4.0543703917870815,96.11780507211161,2,5,8,3,-4.116317246591911,5.757810922054802,77.36626702387088,9.232658340797258,45.0
PPR_075,Pioglitazona-like,442.33522275178666,3.3103926709381746,75.74219585786732,2,5,6,3,-3.843207686883375,5.426926452390388,80.3238623139831,11.780154690840272,39.7788443157427
PPR_076,Lobeglitazona-like,409.9436001154763,4.100319387323862,111.0292296641317,1,6,6,3,-4.701589475340172,6.254159439356076,79.33349775845346,7.138104849575381,37.415013825760376
PPR_077,Rosiglitazona-like,376.0069882860817,5.4505318534440175,95.78118584389912,1,6,10,2,-3.553655715520239,7.2375149515458865,82.96616271997328,10.195654633074204,45.0
PPR_078,Pioglitazona-like,408.03231787797245,4.995155219479445,80.10202339789653,2,6,7,2,-4.435561800521284,5.359480251447437,74.9515954060111,9.43958295418117,43.86646249473359
PPR_079,Pioglitazona-like,431.18195222440806,4.155943505914499,55.0,1,6,6,3,-4.310683647174218,6.0145316740036545,81.59174058723258,9.580844178934074,45.0
PPR_080,Rosiglitazona-like,417.8897431215575,4.1555196069771005,111.4913108710889,1,6,9,2,-4.673605839573911,6.847332333249257,76.18317325691258,11.799177700234889,45.0
SGL_001,Canagliflozina-like,315.88671102325594,2.6967443602761065,114.96039635369618,4,6,5,3,-1.8785915184032405,12.462365553559183,79.01214970090007,16.111608431990142,28.003898086899255
SGL_002,Canagliflozina-like,370.24134312855045,1.4257340133809095,108.22488496952849,2,8,6,1,-2.3367156792004113,12.573913830111682,77.3265795929535,14.085608700251997,21.842003886226372
SGL_003,Empagliflozina-like,353.97855407042806,2.9521701214390763,118.83729078841655,1,6,3,2,-3.06900431394206,11.681335498466566,74.48909684065322,12.851253070984503,29.81152482417498
SGL_004,Canagliflozina-like,317.01876401284164,1.4687540059821627,107.93428630352003,3,8,7,3,-1.606281279710837,12.9085528536107,76.04753682012627,9.036379977297752,12.768387388071979
SGL_005,Canagliflozina-like,344.57898215080326,2.8162731021708285,116.14810433292405,4,6,4,1,-2.315476855203782,12.943234465028485,95.0,9.459447101623907,26.591042994878077
SGL_006,Empagliflozina-like,333.948246265826,2.8633525684137915,111.67810904946523,4,8,5,2,-2.4882490938194044,12.562685389800412,88.46807748442072,15.74885671589,29.50028369044094
SGL_007,Canagliflozina-like,359.66018825006034,1.7545167848924006,124.38655275849385,3,7,5,1,-1.7879344896387028,13.274612015922301,72.89355380275187,14.338047011715997,17.267019183485917
SGL_008,Empagliflozina-like,384.1708107045555,2.0945928560227074,111.43466904052666,3,7,6,2,-2.2764056879636083,12.399553661412035,73.06525225953858,11.882941441867368,21.967356215199384
SGL_009,Canagliflozina-like,306.9958607285021,1.747147665757032,92.49664284972431,3,7,3,2,-1.6230286271790202,12.938763555536159,83.89119637031095,10.746271362702329,21.211851668041852
SGL_010,Empagliflozina-like,354.760625899538,2.192539484855632,125.88113650785391,2,7,5,2,-1.8223473226904863,11.98820139678473,84.2835887842678,5.92257638066587,22.1463109667549
SGL_011,Canagliflozina-like,348.1568129064006,2.1459828579071294,102.03694469051119,3,7,7,1,-1.7923938045597851,12.585868709475458,84.29330301190419,8.787442743946684,24.213941250006073
SGL_012,Dapagliflozina-like,368.11216183481116,2.6898302661346696,104.80857027486299,3,6,4,2,-2.7146800700402407,12.495387445258299,79.47026523867781,17.73425726141917,23.891536241501914
SGL_013,Empagliflozina-like,357.11671907770454,2.9551543730598038,105.44772576552158,4,8,5,1,-1.55462520657612,12.735184753224564,80.2472744399826,8.1586332869926,27.33735232672496
SGL_014,Empagliflozina-like,333.9527360382683,2.997841905394978,127.11881902487899,5,7,4,1,-1.982437260944765,12.378283842699984,82.96727714495614,12.568439463663243,23.67489265836963
SGL_015,Empagliflozina-like,344.34270554400115,2.018915986710849,88.50758364623435,3,7,5,2,-2.2661747126607916,12.521116442596998,81.51535803775998,15.022331919585596,27.981983400732844
SGL_016,Dapagliflozina-like,332.89537943671627,2.195389063127736,145.0,3,6,5,1,-2.0354751896959873,13.095628302864903,67.68419776351479,8.235231995993122,12.540524737660592
SGL_017,Empagliflozina-like,377.82417132636635,1.4582809038895248,123.61662489972657,3,5,4,2,-2.8993058548042443,12.337941457657069,79.62120221654884,12.55413142434325,21.391278612405774
SGL_018,Dapagliflozina-like,352.5114795681266,1.8970649667519055,114.45562805542076,2,7,5,2,-1.9161062348336981,11.636053739556791,75.89156139443811,14.813746612531965,26.565467078632956
SGL_019,Empagliflozina-like,397.6285764580722,2.7824258165487286,111.39616599322085,3,9,7,1,-2.563217178681932,13.649750342523252,82.05126851345108,12.037497965721752,27.13899090500168
SGL_020,Empagliflozina-like,350.5441404684491,3.107791411774116,115.14109482343423,3,8,5,1,-2.7087016286295906,13.428872447214292,95.0,20.605209167000304,20.238495357008993
SGL_021,Canagliflozina-like,334.9982375941489,1.682825564060039,117.73234671217273,3,7,6,3,-2.785061633798051,11.824642382936629,83.20488999284582,6.994202223365415,17.59877452763733
SGL_022,Empagliflozina-like,315.6708545772922,2.0037678704235526,119.09737144545063,3,7,4,1,-1.5992902312545336,13.013824683147117,79.11882188296562,15.176185589651636,21.245616602597092
SGL_023,Canagliflozina-like,308.7246477698573,2.2867971215205363,118.11164912603793,3,7,4,2,-2.383168527161755,12.298215137669194,86.53080901186351,11.481594787810607,19.8030521623656
SGL_024,Canagliflozina-like,313.98073736786824,2.4400805794098033,112.98538749380774,4,7,5,2,-1.4098225305375753,12.758092329198636,83.89612732325527,14.315760464510024,23.42094006054084
SGL_025,Dapagliflozina-like,358.4110396242756,1.8951982400391767,109.82927737661942,3,6,6,2,-2.341110658373534,12.776534477408095,83.52056694271104,13.323921455097738,27.496024525637267
SGL_026,Dapagliflozina-like,364.2094005575184,2.5120305222320445,110.33599387981137,3,8,5,2,-2.8683110809168264,12.459355319810207,84.64110355929402,9.800531408670011,28.929073316678412
SGL_027,Canagliflozina-like,314.0514231512288,2.063080326464542,109.85600891612052,3,8,5,1,-2.6024359979768965,12.129740600648162,93.33926138897725,12.68698917737802,19.01790544091429
SGL_028,Empagliflozina-like,373.48091953782676,2.29277386456086,124.47147106553771,3,8,5,3,-1.5438847709968777,12.185675368610244,74.21466938804451,6.426295645805139,16.99407655286214
SGL_029,Empagliflozina-like,340.40653475959743,2.5731421240018495,118.52912394508948,3,7,4,3,-2.1701541800715005,12.050284850711254,83.84179246086873,13.809742501714181,24.794737805968552
SGL_030,Empagliflozina-like,355.52303228765317,2.3032111349054687,85.0,2,7,6,2,-2.3467292834207707,12.100906675061733,75.44171322011077,12.894475397971577,25.771861961842
SGL_031,Canagliflozina-like,390.6932950781302,2.0818070547367156,119.21490854182737,3,8,6,2,-2.0279917983662457,12.559693025970386,84.33307587805349,13.915980505929307,24.102060504000804
SGL_032,Empagliflozina-like,373.5241435807728,2.2451950980370845,114.14209814190653,3,7,5,1,-1.8741977687246048,12.170544006533548,75.48788093108344,15.174354975261451,21.68892608267352
SGL_033,Dapagliflozina-like,345.55526445026004,2.255818520397332,111.79420367909513,2,7,5,1,-1.5971705328438928,13.00923123942757,78.49579911836949,13.102859520629133,26.14901017029849
SGL_034,Canagliflozina-like,330.6113865900331,2.114994485058936,107.72629701602226,3,7,5,2,-1.4481753465481833,13.492347693201555,79.22946051457257,12.444268259394828,31.042468279430622
SGL_035,Canagliflozina-like,300.35643036809665,2.170601968666449,124.36523991984615,3,7,5,2,-2.2618958906050888,12.251968055177974,86.85490031606825,9.356794990016123,25.677600645520947
SGL_036,Dapagliflozina-like,334.7403203381819,3.099323585252358,122.42279108335144,4,8,5,3,-2.6967214587369175,12.743642700321226,86.51072666365448,9.863337709052846,29.808411366027663
SGL_037,Empagliflozina-like,346.9328742681353,2.5804597239706193,103.4983456539403,3,6,7,2,-2.286059322505474,12.89981106618176,73.5256957413217,15.560203860531992,26.631208255236555
SGL_038,Canagliflozina-like,328.3076913483716,2.1522598409854194,116.47757515836989,3,6,5,1,-1.9828737720377014,12.883201362551564,81.3296046659991,16.309006217117936,21.473180178494275
SGL_039,Dapagliflozina-like,348.84983278978467,2.6484772022553678,101.31177592004585,4,7,5,2,-2.533691516794775,12.645573160749652,76.74252087150496,11.285668691063838,32.80543919424785
SGL_040,Empagliflozina-like,353.84444519101044,2.133090255121995,96.82420018732176,3,7,4,1,-2.5307179117027694,13.045609451015833,73.44897053594799,12.138008241759822,21.809532242185007
SGL_041,Empagliflozina-like,346.6034564366061,2.8865623187933203,105.10611052951039,3,7,6,2,-1.9452954533025517,12.889349371608393,79.69789769745378,9.286156875018701,29.86490054398566
SGL_042,Canagliflozina-like,336.399938060237,2.4848210960990467,121.48632819621035,3,7,5,2,-2.121893558206703,11.857402546603621,79.14910326926508,15.518270535802333,25.36445412061989
SGL_043,Dapagliflozina-like,356.04771212720146,2.2463489279978854,122.48437549913696,3,7,4,3,-2.085241352064786,13.121493638633563,95.0,13.996250471075335,21.164904612806
SGL_044,Canagliflozina-like,362.6065755896658,2.523858462905139,117.64393962107022,3,8,6,4,-2.4413229006150314,13.132374502360046,83.59775895216417,17.82365230939125,20.28949034201909
SGL_045,Canagliflozina-like,325.8304221413717,1.5145619239657502,119.97605365532797,2,6,6,2,-2.2036803213925955,12.142028337492851,72.73429499547457,9.365030768460784,18.810309113770433
SGL_046,Dapagliflozina-like,385.8623771139105,1.7366162655450972,117.67796115826454,3,6,4,2,-2.5159049149207373,12.622762701268561,77.61135597497434,10.865976302945349,19.234677344278083
SGL_047,Dapagliflozina-like,349.63388482517774,1.703037496800472,104.94370245254753,4,7,3,2,-1.699410714993846,13.009997395686641,87.12829977257638,12.694337767576718,22.229765655946252
SGL_048,Dapagliflozina-like,352.4523909506763,2.3714715473818533,116.75114799141335,4,6,6,2,-1.6341377993743114,12.474411708252383,93.53065663721955,13.939468613177311,22.49727931398509
SGL_049,Empagliflozina-like,368.99714615815736,3.166257499742546,120.8045047775045,4,7,4,2,-2.9307845380071424,13.243786828659607,71.48410012657226,11.352997087357103,35.548984810992195
SGL_050,Dapagliflozina-like,357.59718715032403,3.415650073096316,120.29720462794931,4,8,6,3,-2.518279887086585,14.0,69.72045368916574,9.381116728638899,29.194329089687205
SGL_051,Canagliflozina-like,374.8752792139179,2.6190255507203783,125.07804708622108,3,7,3,2,-2.7734381647905355,12.12840838041901,92.22579105223069,14.644222586770713,32.79412177493691
SGL_052,Dapagliflozina-like,358.8909799648438,2.5504222374722283,119.79134231921171,3,7,6,2,-2.392510770483104,11.771373238107735,83.33768506422543,14.163406087636744,18.82952447492784
SGL_053,Canagliflozina-like,337.3015030086295,1.3994711329236305,115.86593028295741,3,6,4,2,-2.1375470864056623,12.782291157362925,75.7902436087418,9.251177698308826,18.665574898980015
SGL_054,Dapagliflozina-like,360.6760846049464,2.028663100132989,123.7716526214807,3,7,6,2,-2.7523403488643385,13.032937503075686,84.20777451673462,16.066328403316486,23.22929532145195
SGL_055,Dapagliflozina-like,324.55057102430413,1.9061081240458804,111.70826614826034,3,7,5,2,-2.514836915906391,12.461480175693138,65.18551356589873,15.51059612758981,18.12997542874269
SGL_056,Dapagliflozina-like,354.60543293863657,1.9895762008744418,102.29937883649511,4,7,4,1,-2.5517808174366743,13.47195639799262,81.02025303958297,12.402889491743379,24.430235051519976
SGL_057,Dapagliflozina-like,351.20248022453296,2.215928090707605,110.2062633966186,3,8,5,1,-2.0067297017704755,11.79683652016605,82.96692703705851,12.238793587128109,29.028998332971984
SGL_058,Canagliflozina-like,347.005195425459,2.0639547111514362,103.80607090712905,3,7,6,1,-2.0687950483336874,13.015751173818966,86.54562083722698,13.662173313347722,14.33987665922491
SGL_059,Empagliflozina-like,348.91509972546567,1.3103500948121058,104.5730389752818,3,6,5,2,-2.424781899001764,12.236483507544664,74.91662428624477,9.414890789231226,19.127936870437562
SGL_060,Dapagliflozina-like,306.8356229080567,2.6739551280587666,110.4102946221293,3,7,6,2,-2.020430607537271,13.631626743724377,81.51412296842015,12.090094437492246,17.58573417337948
SGL_061,Empagliflozina-like,338.8306022142169,1.7636284871300965,103.28338086900042,2,7,7,2,-2.3460060380642695,13.795509211900871,75.44745224364247,5.542849366172459,16.983698213427903
SGL_062,Dapagliflozina-like,354.2282776273868,2.4196234320555745,108.61242317397056,2,8,3,3,-2.2222447996467243,12.14000604732999,82.5323025340459,14.629366936508806,32.184659062130734
SGL_063,Dapagliflozina-like,355.83655340793763,3.3370413348749866,91.17023866350836,3,8,7,2,-1.3469465593656584,12.270265718454851,75.62792206582185,7.315520332674422,32.075583452351005
SGL_064,Dapagliflozina-like,327.335796617777,1.8403077042067881,114.34623078110232,2,6,5,2,-1.4967925266943434,13.11575273218788,78.55139496503868,16.510259485286998,15.879243313530228
SGL_065,Canagliflozina-like,382.37698818075285,1.034856238626835,112.01326022898446,3,6,4,1,-2.684811556617419,12.36772161012629,75.02510763125862,11.00963971810065,13.526038174757197
SGL_066,Dapagliflozina-like,331.211803642852,2.1569978890599444,103.0120250582499,3,6,4,2,-1.7266204119543715,12.572753269240657,84.90681745094194,11.36499905420647,32.286646460473776
SGL_067,Canagliflozina-like,375.2669728126417,2.850479817499285,119.25170235275645,3,7,5,2,-1.7348715504787837,12.615233052325445,86.15070669993999,10.116798281746483,20.93697336294966
SGL_068,Dapagliflozina-like,362.25266468492043,3.2791737271102965,122.31327151389215,4,7,6,2,-2.6167184799386782,11.448196106281406,79.59227658025551,11.135883378233771,27.243088449213623
SGL_069,Dapagliflozina-like,336.4905445637487,1.6852252027737915,94.31684149194129,3,8,5,2,-1.7315500603103127,12.591697352343457,81.22942796976017,16.255594035444112,26.926181035553533
SGL_070,Empagliflozina-like,394.60746142262826,2.548349611618261,103.61002743577164,3,7,7,2,-1.4079306367143514,12.186163335561496,72.30845151219873,4.536574030394762,34.52880407223529
SGL_071,Empagliflozina-like,323.35271603784446,2.067344771609973,103.53943415233972,3,7,4,1,-2.605145162809986,12.304126306560136,79.20194011195927,15.830896158264563,22.84187854353147
SGL_072,Dapagliflozina-like,374.05970016664,2.247025822847932,101.6610658878025,2,7,5,2,-2.512876269456419,13.466179202081289,80.69877229774953,13.014070443305124,19.887110501652685
SGL_073,Dapagliflozina-like,376.01397563303146,3.622171673508517,121.12422326124923,4,6,4,2,-1.6420523399204239,11.846095863432446,95.0,8.378935056428354,42.67080953440484
SGL_074,Empagliflozina-like,335.9051149821605,1.5485148358024232,109.86791247349916,3,9,5,2,-1.9778271101284586,13.087923112048786,74.32819784535502,8.774062820852286,24.97645525553624
SGL_075,Empagliflozina-like,385.41916720154387,2.4268698307472865,109.09033674558329,3,6,6,2,-1.8518356761422146,12.432622241800914,89.78506343251462,17.02917908162461,28.403519657380556
SGL_076,Empagliflozina-like,345.99888364962516,2.5338465858827166,89.95751399152572,2,7,5,2,-1.9467348526197765,12.432143898902499,86.98115264079485,9.163479360171806,24.82456217199
SGL_077,Canagliflozina-like,358.9286471027166,2.8428931624696734,118.98959833230148,2,9,2,2,-1.9241868355823353,13.074223137631027,82.68381842694082,8.539948468212122,28.02786006982112
SGL_078,Empagliflozina-like,358.2477241305093,2.3489915767354477,98.3681576566118,3,7,5,1,-2.6969124577399874,12.804030776741333,91.5517229051708,15.411943627094189,25.28103967717531
SGL_079,Dapagliflozina-like,348.77659020470685,2.454025269752051,112.65925893292962,3,7,5,2,-1.6287070320203483,12.942367798331718,83.23263283564118,13.015658628857743,26.942866661844356
SGL_080,Empagliflozina-like,371.45939855583475,2.104175716289104,115.0511463175401,2,7,5,2,-1.573684503407502,13.180910796319717,83.33495517400758,9.186223270390803,28.43331977743497
